{"files": [{"path": "http2/part01-beijing.md", "rname": "part01-\u80cc\u666f.md", "mtime": 1451756833.0, "mode": "file", "name": "part01-beijing.md"}, {"path": "http2/part02-HTTPdixianzhuang.md", "rname": "part02-HTTP\u7684\u73b0\u72b6.md", "mtime": 1451756833.0, "mode": "file", "name": "part02-HTTPdixianzhuang.md"}, {"path": "http2/part03-kefuyanchizhidao.md", "rname": "part03-\u514b\u670d\u5ef6\u8fdf\u4e4b\u9053.md", "mtime": 1451756833.0, "mode": "file", "name": "part03-kefuyanchizhidao.md"}, {"path": "http2/part04-shengjiHTTP.md", "rname": "part04-\u5347\u7ea7HTTP.md", "mtime": 1451756833.0, "mode": "file", "name": "part04-shengjiHTTP.md"}, {"path": "http2/part05-http2diguannian.md", "rname": "part05-http2\u7684\u89c2\u5ff5.md", "mtime": 1451756833.0, "mode": "file", "name": "part05-http2diguannian.md"}, {"path": "http2/part06-http2xieyi.md", "rname": "part06-http2\u534f\u8bae.md", "mtime": 1451756833.0, "mode": "file", "name": "part06-http2xieyi.md"}, {"path": "http2/part07-kuozhan.md", "rname": "part07-\u6269\u5c55.md", "mtime": 1451756833.0, "mode": "file", "name": "part07-kuozhan.md"}, {"path": "http2/part08-http2dishijie.md", "rname": "part08-http2\u7684\u4e16\u754c.md", "mtime": 1451756833.0, "mode": "file", "name": "part08-http2dishijie.md"}, {"path": "http2/part09-Firefoxlidihttp2.md", "rname": "part09-Firefox\u91cc\u7684http2.md", "mtime": 1451756833.0, "mode": "file", "name": "part09-Firefoxlidihttp2.md"}, {"path": "http2/part10-Chromiumlidihttp2.md", "rname": "part10-Chromium\u91cc\u7684http2.md", "mtime": 1451756833.0, "mode": "file", "name": "part10-Chromiumlidihttp2.md"}, {"path": "http2/part11-curllidihttp2.md", "rname": "part11-curl\u91cc\u7684http2.md", "mtime": 1451757237.0, "mode": "file", "name": "part11-curllidihttp2.md"}, {"path": "http2/part12-houhttp2shidai.md", "rname": "part12-\u540ehttp2\u65f6\u4ee3.md", "mtime": 1451756833.0, "mode": "file", "name": "part12-houhttp2shidai.md"}, {"path": "http2/part13-kuozhanyuedu.md", "rname": "part13-\u6269\u5c55\u9605\u8bfb.md", "mtime": 1451756833.0, "mode": "file", "name": "part13-kuozhanyuedu.md"}, {"path": "http2/part14-zhixie.md", "rname": "part14-\u81f4\u8c22.md", "mtime": 1451756833.0, "mode": "file", "name": "part14-zhixie.md"}, {"path": "http2/README.md", "rname": "README.md", "mtime": 1451756833.0, "mode": "file", "name": "README.md"}], "rname": "http2", "name": "http2", "mode": "tree", "mtime": 1451757424.0, "path": "http2"}